{"cameraMode":{"drawMode":0,"name":"Shaded","section":"Shading Mode"},"sceneLighting":true,"audioPlay":false,"sceneViewState":{"showFog":true,"showMaterialUpdate":false,"showSkybox":true,"showFlares":true,"showImageEffects":true,"showParticleSystems":true},"in2DMode":false,"pivot":{"x":19.906591415405275,"y":-16.76260757446289,"z":97.75117492675781},"rotation":{"x":-0.44855189323425295,"y":-0.023310478776693345,"z":0.01170870941132307,"w":-0.8933859467506409},"size":174.3320770263672,"orthographic":false}